[
  {
    "train_id": "10001",
    "name": "Freight 10001",
    "type": "freight",
    "source": "TRL",
    "destination": "AVD",
    "scheduled_departure": "2025-09-26T19:31:00",
    "scheduled_arrival": "2025-09-27T02:44:00",
    "priority": 3,
    "current_delay": 7,
    "speed_kmh": 107,
    "length_meters": 327
  },
  {
    "train_id": "10002",
    "name": "Passenger 10002",
    "type": "passenger",
    "source": "TRL",
    "destination": "AVD",
    "scheduled_departure": "2025-09-26T20:20:00",
    "scheduled_arrival": "2025-09-27T02:04:00",
    "priority": 1,
    "current_delay": 21,
    "speed_kmh": 61,
    "length_meters": 372
  },
  {
    "train_id": "10003",
    "name": "Freight 10003",
    "type": "freight",
    "source": "AJJ",
    "destination": "TO",
    "scheduled_departure": "2025-09-27T03:58:00",
    "scheduled_arrival": "2025-09-27T07:06:00",
    "priority": 3,
    "current_delay": 25,
    "speed_kmh": 65,
    "length_meters": 213
  },
  {
    "train_id": "10004",
    "name": "Express 10004",
    "type": "express",
    "source": "TRL",
    "destination": "AVD",
    "scheduled_departure": "2025-09-26T16:17:00",
    "scheduled_arrival": "2025-09-26T20:04:00",
    "priority": 2,
    "current_delay": 30,
    "speed_kmh": 83,
    "length_meters": 300
  },
  {
    "train_id": "10005",
    "name": "Passenger 10005",
    "type": "passenger",
    "source": "PER",
    "destination": "TO",
    "scheduled_departure": "2025-09-26T08:44:00",
    "scheduled_arrival": "2025-09-26T14:39:00",
    "priority": 1,
    "current_delay": 6,
    "speed_kmh": 104,
    "length_meters": 220
  },
  {
    "train_id": "10006",
    "name": "Freight 10006",
    "type": "freight",
    "source": "TO",
    "destination": "KPD",
    "scheduled_departure": "2025-09-27T04:36:00",
    "scheduled_arrival": "2025-09-27T08:43:00",
    "priority": 3,
    "current_delay": 12,
    "speed_kmh": 68,
    "length_meters": 359
  },
  {
    "train_id": "10007",
    "name": "Freight 10007",
    "type": "freight",
    "source": "KPD",
    "destination": "PER",
    "scheduled_departure": "2025-09-26T07:38:00",
    "scheduled_arrival": "2025-09-26T11:30:00",
    "priority": 3,
    "current_delay": 5,
    "speed_kmh": 75,
    "length_meters": 263
  },
  {
    "train_id": "10008",
    "name": "Freight 10008",
    "type": "freight",
    "source": "AVD",
    "destination": "TRL",
    "scheduled_departure": "2025-09-26T12:25:00",
    "scheduled_arrival": "2025-09-26T16:25:00",
    "priority": 3,
    "current_delay": 17,
    "speed_kmh": 99,
    "length_meters": 489
  },
  {
    "train_id": "10009",
    "name": "Freight 10009",
    "type": "freight",
    "source": "AVD",
    "destination": "PER",
    "scheduled_departure": "2025-09-26T23:38:00",
    "scheduled_arrival": "2025-09-27T02:12:00",
    "priority": 3,
    "current_delay": 20,
    "speed_kmh": 77,
    "length_meters": 415
  },
  {
    "train_id": "10010",
    "name": "Freight 10010",
    "type": "freight",
    "source": "KPD",
    "destination": "TRL",
    "scheduled_departure": "2025-09-27T02:41:00",
    "scheduled_arrival": "2025-09-27T07:47:00",
    "priority": 3,
    "current_delay": 18,
    "speed_kmh": 112,
    "length_meters": 236
  },
  {
    "train_id": "10011",
    "name": "Express 10011",
    "type": "express",
    "source": "TRL",
    "destination": "AVD",
    "scheduled_departure": "2025-09-27T02:42:00",
    "scheduled_arrival": "2025-09-27T05:03:00",
    "priority": 2,
    "current_delay": 20,
    "speed_kmh": 110,
    "length_meters": 324
  },
  {
    "train_id": "10012",
    "name": "Express 10012",
    "type": "express",
    "source": "MAS",
    "destination": "TRL",
    "scheduled_departure": "2025-09-26T15:06:00",
    "scheduled_arrival": "2025-09-26T19:34:00",
    "priority": 2,
    "current_delay": 11,
    "speed_kmh": 82,
    "length_meters": 200
  },
  {
    "train_id": "10013",
    "name": "Express 10013",
    "type": "express",
    "source": "MAS",
    "destination": "AVD",
    "scheduled_departure": "2025-09-26T23:12:00",
    "scheduled_arrival": "2025-09-27T06:21:00",
    "priority": 2,
    "current_delay": 0,
    "speed_kmh": 70,
    "length_meters": 493
  },
  {
    "train_id": "10014",
    "name": "Passenger 10014",
    "type": "passenger",
    "source": "AJJ",
    "destination": "TRL",
    "scheduled_departure": "2025-09-26T15:19:00",
    "scheduled_arrival": "2025-09-26T20:44:00",
    "priority": 1,
    "current_delay": 20,
    "speed_kmh": 98,
    "length_meters": 315
  },
  {
    "train_id": "10015",
    "name": "Freight 10015",
    "type": "freight",
    "source": "PER",
    "destination": "KPD",
    "scheduled_departure": "2025-09-26T10:51:00",
    "scheduled_arrival": "2025-09-26T14:21:00",
    "priority": 3,
    "current_delay": 28,
    "speed_kmh": 111,
    "length_meters": 272
  },
  {
    "train_id": "10016",
    "name": "Express 10016",
    "type": "express",
    "source": "TO",
    "destination": "PUT",
    "scheduled_departure": "2025-09-26T10:03:00",
    "scheduled_arrival": "2025-09-26T16:13:00",
    "priority": 2,
    "current_delay": 8,
    "speed_kmh": 87,
    "length_meters": 208
  },
  {
    "train_id": "10017",
    "name": "Passenger 10017",
    "type": "passenger",
    "source": "AJJ",
    "destination": "MAS",
    "scheduled_departure": "2025-09-26T07:53:00",
    "scheduled_arrival": "2025-09-26T14:37:00",
    "priority": 1,
    "current_delay": 29,
    "speed_kmh": 71,
    "length_meters": 321
  },
  {
    "train_id": "10018",
    "name": "Express 10018",
    "type": "express",
    "source": "MAS",
    "destination": "KPD",
    "scheduled_departure": "2025-09-26T12:21:00",
    "scheduled_arrival": "2025-09-26T20:16:00",
    "priority": 2,
    "current_delay": 15,
    "speed_kmh": 120,
    "length_meters": 348
  },
  {
    "train_id": "10019",
    "name": "Express 10019",
    "type": "express",
    "source": "PER",
    "destination": "MAS",
    "scheduled_departure": "2025-09-27T01:20:00",
    "scheduled_arrival": "2025-09-27T08:56:00",
    "priority": 2,
    "current_delay": 27,
    "speed_kmh": 63,
    "length_meters": 359
  },
  {
    "train_id": "10020",
    "name": "Freight 10020",
    "type": "freight",
    "source": "TRL",
    "destination": "MAS",
    "scheduled_departure": "2025-09-26T22:56:00",
    "scheduled_arrival": "2025-09-27T02:40:00",
    "priority": 3,
    "current_delay": 29,
    "speed_kmh": 69,
    "length_meters": 288
  },
  {
    "train_id": "10021",
    "name": "Freight 10021",
    "type": "freight",
    "source": "TRL",
    "destination": "KPD",
    "scheduled_departure": "2025-09-26T23:45:00",
    "scheduled_arrival": "2025-09-27T07:15:00",
    "priority": 3,
    "current_delay": 26,
    "speed_kmh": 78,
    "length_meters": 488
  },
  {
    "train_id": "10022",
    "name": "Freight 10022",
    "type": "freight",
    "source": "TO",
    "destination": "PUT",
    "scheduled_departure": "2025-09-26T13:39:00",
    "scheduled_arrival": "2025-09-26T17:37:00",
    "priority": 3,
    "current_delay": 8,
    "speed_kmh": 105,
    "length_meters": 257
  },
  {
    "train_id": "10023",
    "name": "Express 10023",
    "type": "express",
    "source": "PER",
    "destination": "TO",
    "scheduled_departure": "2025-09-26T10:52:00",
    "scheduled_arrival": "2025-09-26T18:31:00",
    "priority": 2,
    "current_delay": 7,
    "speed_kmh": 96,
    "length_meters": 452
  },
  {
    "train_id": "10024",
    "name": "Freight 10024",
    "type": "freight",
    "source": "PER",
    "destination": "TRL",
    "scheduled_departure": "2025-09-27T02:06:00",
    "scheduled_arrival": "2025-09-27T10:04:00",
    "priority": 3,
    "current_delay": 15,
    "speed_kmh": 87,
    "length_meters": 352
  },
  {
    "train_id": "10025",
    "name": "Express 10025",
    "type": "express",
    "source": "AJJ",
    "destination": "TO",
    "scheduled_departure": "2025-09-26T21:19:00",
    "scheduled_arrival": "2025-09-27T02:38:00",
    "priority": 2,
    "current_delay": 3,
    "speed_kmh": 99,
    "length_meters": 245
  },
  {
    "train_id": "10026",
    "name": "Passenger 10026",
    "type": "passenger",
    "source": "PUT",
    "destination": "PER",
    "scheduled_departure": "2025-09-26T09:20:00",
    "scheduled_arrival": "2025-09-26T12:46:00",
    "priority": 1,
    "current_delay": 15,
    "speed_kmh": 111,
    "length_meters": 227
  },
  {
    "train_id": "10027",
    "name": "Passenger 10027",
    "type": "passenger",
    "source": "AVD",
    "destination": "TO",
    "scheduled_departure": "2025-09-26T19:50:00",
    "scheduled_arrival": "2025-09-27T02:28:00",
    "priority": 1,
    "current_delay": 2,
    "speed_kmh": 115,
    "length_meters": 240
  },
  {
    "train_id": "10028",
    "name": "Passenger 10028",
    "type": "passenger",
    "source": "TO",
    "destination": "TRL",
    "scheduled_departure": "2025-09-26T12:01:00",
    "scheduled_arrival": "2025-09-26T17:13:00",
    "priority": 1,
    "current_delay": 2,
    "speed_kmh": 109,
    "length_meters": 315
  },
  {
    "train_id": "10029",
    "name": "Express 10029",
    "type": "express",
    "source": "AJJ",
    "destination": "TO",
    "scheduled_departure": "2025-09-26T12:08:00",
    "scheduled_arrival": "2025-09-26T18:08:00",
    "priority": 2,
    "current_delay": 19,
    "speed_kmh": 105,
    "length_meters": 248
  },
  {
    "train_id": "10030",
    "name": "Passenger 10030",
    "type": "passenger",
    "source": "TRL",
    "destination": "MAS",
    "scheduled_departure": "2025-09-26T23:47:00",
    "scheduled_arrival": "2025-09-27T05:27:00",
    "priority": 1,
    "current_delay": 9,
    "speed_kmh": 114,
    "length_meters": 350
  }
]